event_id,timestamp,app,ram_mb,cache_state
0,2026-05-12 08:00:00,Chrome,1126,COMPRESSED
1,2026-05-12 08:02:02,YouTube,846,COMPRESSED
2,2026-05-12 08:05:21,Chrome,1228,ACTIVE
3,2026-05-12 08:06:44,YouTube,949,COMPRESSED
4,2026-05-12 08:10:07,Chrome,1259,CACHED
5,2026-05-12 08:13:01,Gemini,721,COMPRESSED
6,2026-05-12 08:14:41,WhatsApp,507,CACHED
7,2026-05-12 08:16:36,WhatsApp,506,ACTIVE
8,2026-05-12 08:19:13,Chrome,1208,COMPRESSED
9,2026-05-12 08:20:24,WhatsApp,557,ACTIVE
10,2026-05-12 08:23:00,Chrome,1195,EVICTED
11,2026-05-12 08:26:38,Spotify,612,COMPRESSED
12,2026-05-12 08:30:38,YouTube,878,COMPRESSED
13,2026-05-12 08:31:58,Gemini,745,CACHED
14,2026-05-12 08:34:54,WhatsApp,513,CACHED
15,2026-05-12 08:37:24,Chrome,1188,COMPRESSED
16,2026-05-12 08:41:18,Gemini,875,COMPRESSED
17,2026-05-12 08:44:34,WhatsApp,461,CACHED
18,2026-05-12 08:46:43,WhatsApp,562,CACHED
19,2026-05-12 08:49:06,Gemini,734,CACHED
20,2026-05-12 08:50:14,Spotify,622,CACHED
21,2026-05-12 08:52:08,Spotify,665,EVICTED
22,2026-05-12 08:54:28,YouTube,947,CACHED
23,2026-05-12 08:58:12,Spotify,587,ACTIVE
24,2026-05-12 09:01:35,Chrome,1269,CACHED
25,2026-05-12 09:05:04,YouTube,876,EVICTED
26,2026-05-12 09:06:39,Spotify,543,COMPRESSED
27,2026-05-12 09:08:07,YouTube,860,COMPRESSED
28,2026-05-12 09:10:55,Spotify,618,CACHED
29,2026-05-12 09:13:54,Chrome,1261,EVICTED
30,2026-05-12 09:14:56,Gemini,749,COMPRESSED
31,2026-05-12 09:18:13,WhatsApp,507,ACTIVE
32,2026-05-12 09:21:04,Chrome,1120,EVICTED
33,2026-05-12 09:23:11,Chrome,1165,CACHED
34,2026-05-12 09:24:38,Spotify,596,EVICTED
35,2026-05-12 09:27:47,Chrome,1159,CACHED
36,2026-05-12 09:29:28,Gemini,855,EVICTED
37,2026-05-12 09:33:01,Chrome,1124,ACTIVE
38,2026-05-12 09:35:33,Spotify,598,CACHED
39,2026-05-12 09:37:34,Spotify,540,ACTIVE
40,2026-05-12 09:40:38,Gemini,856,COMPRESSED
41,2026-05-12 09:42:10,WhatsApp,560,CACHED
42,2026-05-12 09:45:25,Gemini,828,EVICTED
43,2026-05-12 09:48:43,WhatsApp,471,COMPRESSED
44,2026-05-12 09:51:25,WhatsApp,515,CACHED
45,2026-05-12 09:54:37,YouTube,883,CACHED
46,2026-05-12 09:57:03,Chrome,1261,CACHED
47,2026-05-12 09:58:59,YouTube,835,CACHED
48,2026-05-12 10:00:07,Gemini,738,CACHED
49,2026-05-12 10:02:18,WhatsApp,474,CACHED
50,2026-05-12 10:05:44,Spotify,582,COMPRESSED
51,2026-05-12 10:08:28,YouTube,844,COMPRESSED
52,2026-05-12 10:10:58,Spotify,639,EVICTED
53,2026-05-12 10:12:11,Chrome,1145,ACTIVE
54,2026-05-12 10:14:37,WhatsApp,447,CACHED
55,2026-05-12 10:16:25,YouTube,855,CACHED
56,2026-05-12 10:18:36,Spotify,539,CACHED
57,2026-05-12 10:21:56,YouTube,958,EVICTED
58,2026-05-12 10:23:19,YouTube,880,CACHED
59,2026-05-12 10:26:23,Spotify,622,EVICTED
60,2026-05-12 10:28:05,WhatsApp,519,CACHED
61,2026-05-12 10:31:01,Chrome,1262,COMPRESSED
62,2026-05-12 10:34:05,YouTube,895,CACHED
63,2026-05-12 10:35:19,Spotify,658,ACTIVE
64,2026-05-12 10:37:39,YouTube,969,CACHED
65,2026-05-12 10:40:54,Chrome,1250,ACTIVE
66,2026-05-12 10:42:41,YouTube,837,COMPRESSED
67,2026-05-12 10:44:41,Spotify,665,CACHED
68,2026-05-12 10:48:13,YouTube,840,CACHED
69,2026-05-12 10:51:42,Spotify,600,EVICTED
70,2026-05-12 10:53:34,Chrome,1200,CACHED
71,2026-05-12 10:56:15,YouTube,896,CACHED
72,2026-05-12 10:57:33,Chrome,1279,EVICTED
73,2026-05-12 10:58:58,YouTube,874,CACHED
74,2026-05-12 11:00:31,YouTube,837,EVICTED
75,2026-05-12 11:03:05,Chrome,1232,EVICTED
76,2026-05-12 11:07:05,YouTube,955,ACTIVE
77,2026-05-12 11:10:26,Chrome,1146,EVICTED
78,2026-05-12 11:12:00,YouTube,847,COMPRESSED
79,2026-05-12 11:13:39,Chrome,1274,CACHED
80,2026-05-12 11:16:06,YouTube,887,CACHED
81,2026-05-12 11:18:10,YouTube,833,ACTIVE
82,2026-05-12 11:20:58,Gemini,731,ACTIVE
83,2026-05-12 11:22:31,WhatsApp,487,CACHED
84,2026-05-12 11:25:24,Spotify,629,COMPRESSED
85,2026-05-12 11:26:52,YouTube,858,CACHED
86,2026-05-12 11:29:26,Spotify,557,CACHED
87,2026-05-12 11:30:36,WhatsApp,430,EVICTED
88,2026-05-12 11:32:29,Spotify,546,CACHED
89,2026-05-12 11:35:52,Spotify,624,EVICTED
90,2026-05-12 11:37:31,Spotify,580,EVICTED
91,2026-05-12 11:39:16,Spotify,526,CACHED
92,2026-05-12 11:41:41,Gemini,825,EVICTED
93,2026-05-12 11:43:44,Chrome,1147,CACHED
94,2026-05-12 11:44:53,Spotify,576,CACHED
95,2026-05-12 11:47:50,WhatsApp,478,CACHED
96,2026-05-12 11:51:38,Chrome,1204,CACHED
97,2026-05-12 11:52:55,Chrome,1191,CACHED
98,2026-05-12 11:56:05,YouTube,957,CACHED
99,2026-05-12 11:57:12,Chrome,1186,CACHED
100,2026-05-12 11:59:19,YouTube,972,CACHED
101,2026-05-12 12:01:39,Spotify,650,ACTIVE
102,2026-05-12 12:05:06,YouTube,831,COMPRESSED
103,2026-05-12 12:06:06,Spotify,657,COMPRESSED
104,2026-05-12 12:09:57,YouTube,930,ACTIVE
105,2026-05-12 12:13:47,YouTube,979,CACHED
106,2026-05-12 12:15:18,WhatsApp,496,CACHED
107,2026-05-12 12:19:08,YouTube,923,COMPRESSED
108,2026-05-12 12:22:29,Chrome,1227,COMPRESSED
109,2026-05-12 12:25:06,Gemini,764,COMPRESSED
110,2026-05-12 12:27:23,YouTube,820,CACHED
111,2026-05-12 12:29:16,Spotify,668,COMPRESSED
112,2026-05-12 12:31:38,WhatsApp,533,COMPRESSED
113,2026-05-12 12:34:48,YouTube,863,COMPRESSED
114,2026-05-12 12:37:00,Spotify,678,CACHED
115,2026-05-12 12:39:00,Chrome,1177,EVICTED
116,2026-05-12 12:40:37,YouTube,882,EVICTED
117,2026-05-12 12:44:13,Gemini,738,CACHED
118,2026-05-12 12:47:54,YouTube,918,CACHED
119,2026-05-12 12:49:56,Chrome,1121,EVICTED
120,2026-05-12 12:51:23,WhatsApp,476,CACHED
121,2026-05-12 12:55:21,YouTube,832,COMPRESSED
122,2026-05-12 12:56:52,Spotify,638,COMPRESSED
123,2026-05-12 13:00:15,Chrome,1233,COMPRESSED
124,2026-05-12 13:03:24,YouTube,960,CACHED
125,2026-05-12 13:05:04,WhatsApp,541,CACHED
126,2026-05-12 13:07:07,Gemini,790,COMPRESSED
127,2026-05-12 13:10:20,YouTube,881,CACHED
128,2026-05-12 13:11:39,WhatsApp,480,CACHED
129,2026-05-12 13:14:00,Gemini,740,ACTIVE
130,2026-05-12 13:15:59,YouTube,859,COMPRESSED
131,2026-05-12 13:17:15,Spotify,604,CACHED
132,2026-05-12 13:20:01,YouTube,927,CACHED
133,2026-05-12 13:23:30,YouTube,825,EVICTED
134,2026-05-12 13:26:57,Spotify,521,EVICTED
135,2026-05-12 13:29:13,Gemini,827,CACHED
136,2026-05-12 13:32:32,WhatsApp,476,CACHED
137,2026-05-12 13:34:41,YouTube,827,CACHED
138,2026-05-12 13:38:32,WhatsApp,523,COMPRESSED
139,2026-05-12 13:41:31,WhatsApp,579,CACHED
140,2026-05-12 13:44:11,Spotify,526,ACTIVE
141,2026-05-12 13:47:00,YouTube,938,CACHED
142,2026-05-12 13:49:06,Spotify,574,CACHED
143,2026-05-12 13:51:32,Gemini,817,CACHED
144,2026-05-12 13:54:19,Chrome,1140,CACHED
145,2026-05-12 13:57:37,YouTube,909,CACHED
146,2026-05-12 13:58:54,WhatsApp,430,COMPRESSED
147,2026-05-12 14:00:57,Chrome,1125,COMPRESSED
148,2026-05-12 14:02:58,YouTube,849,COMPRESSED
149,2026-05-12 14:04:53,Spotify,585,COMPRESSED
150,2026-05-12 14:06:35,Chrome,1149,COMPRESSED
151,2026-05-12 14:08:16,Chrome,1147,COMPRESSED
152,2026-05-12 14:10:35,Gemini,816,CACHED
153,2026-05-12 14:12:25,Chrome,1280,CACHED
154,2026-05-12 14:16:23,WhatsApp,573,EVICTED
155,2026-05-12 14:19:47,Gemini,808,CACHED
156,2026-05-12 14:23:36,YouTube,949,COMPRESSED
157,2026-05-12 14:24:39,Gemini,845,ACTIVE
158,2026-05-12 14:27:11,WhatsApp,537,COMPRESSED
159,2026-05-12 14:30:02,Chrome,1253,EVICTED
160,2026-05-12 14:32:11,Gemini,857,COMPRESSED
161,2026-05-12 14:35:10,YouTube,971,CACHED
162,2026-05-12 14:37:12,Gemini,742,CACHED
163,2026-05-12 14:40:07,Chrome,1238,COMPRESSED
164,2026-05-12 14:43:58,YouTube,827,CACHED
165,2026-05-12 14:46:21,Chrome,1174,CACHED
166,2026-05-12 14:48:27,YouTube,972,COMPRESSED
167,2026-05-12 14:50:37,Spotify,652,EVICTED
168,2026-05-12 14:51:58,YouTube,924,CACHED
169,2026-05-12 14:53:59,WhatsApp,545,CACHED
170,2026-05-12 14:55:03,Chrome,1176,CACHED
171,2026-05-12 14:57:05,YouTube,968,CACHED
172,2026-05-12 15:00:26,Spotify,628,EVICTED
173,2026-05-12 15:03:46,WhatsApp,536,CACHED
174,2026-05-12 15:05:50,Chrome,1169,CACHED
175,2026-05-12 15:09:07,Chrome,1167,CACHED
176,2026-05-12 15:12:10,YouTube,970,EVICTED
177,2026-05-12 15:15:24,Spotify,545,EVICTED
178,2026-05-12 15:17:39,YouTube,865,CACHED
179,2026-05-12 15:20:55,Chrome,1131,EVICTED
180,2026-05-12 15:24:16,YouTube,852,COMPRESSED
181,2026-05-12 15:27:21,Chrome,1123,COMPRESSED
182,2026-05-12 15:30:21,Gemini,807,CACHED
183,2026-05-12 15:31:34,Chrome,1242,ACTIVE
184,2026-05-12 15:32:50,YouTube,838,COMPRESSED
185,2026-05-12 15:36:45,Chrome,1158,EVICTED
186,2026-05-12 15:39:02,YouTube,883,ACTIVE
187,2026-05-12 15:41:48,WhatsApp,578,CACHED
188,2026-05-12 15:45:01,YouTube,933,CACHED
189,2026-05-12 15:48:31,YouTube,898,COMPRESSED
190,2026-05-12 15:49:46,WhatsApp,445,EVICTED
191,2026-05-12 15:51:39,Spotify,587,COMPRESSED
192,2026-05-12 15:53:19,YouTube,961,ACTIVE
193,2026-05-12 15:54:19,Spotify,672,CACHED
194,2026-05-12 15:55:27,YouTube,892,COMPRESSED
195,2026-05-12 15:58:23,Chrome,1179,EVICTED
196,2026-05-12 16:02:03,Gemini,770,CACHED
197,2026-05-12 16:05:22,Chrome,1158,EVICTED
198,2026-05-12 16:06:58,YouTube,862,COMPRESSED
199,2026-05-12 16:10:30,WhatsApp,565,EVICTED
200,2026-05-12 16:13:22,Chrome,1197,COMPRESSED
201,2026-05-12 16:15:31,Gemini,846,CACHED
202,2026-05-12 16:19:04,Chrome,1230,COMPRESSED
203,2026-05-12 16:22:38,YouTube,843,CACHED
204,2026-05-12 16:26:30,Gemini,867,COMPRESSED
205,2026-05-12 16:27:35,Gemini,788,COMPRESSED
206,2026-05-12 16:29:19,YouTube,933,EVICTED
207,2026-05-12 16:31:05,YouTube,931,COMPRESSED
208,2026-05-12 16:34:10,YouTube,940,CACHED
209,2026-05-12 16:36:35,Spotify,546,EVICTED
210,2026-05-12 16:38:59,WhatsApp,546,CACHED
211,2026-05-12 16:41:41,Gemini,860,ACTIVE
212,2026-05-12 16:43:03,Chrome,1202,ACTIVE
213,2026-05-12 16:45:46,Spotify,520,COMPRESSED
214,2026-05-12 16:49:04,WhatsApp,433,CACHED
215,2026-05-12 16:51:36,Spotify,647,COMPRESSED
216,2026-05-12 16:52:49,YouTube,960,ACTIVE
217,2026-05-12 16:55:02,Spotify,644,ACTIVE
218,2026-05-12 16:58:43,Chrome,1181,COMPRESSED
219,2026-05-12 17:01:02,Gemini,861,CACHED
220,2026-05-12 17:02:59,Gemini,749,CACHED
221,2026-05-12 17:04:29,WhatsApp,459,CACHED
222,2026-05-12 17:06:43,YouTube,889,CACHED
223,2026-05-12 17:09:46,YouTube,882,CACHED
224,2026-05-12 17:11:23,Spotify,673,CACHED
225,2026-05-12 17:12:57,Spotify,590,COMPRESSED
226,2026-05-12 17:15:43,WhatsApp,549,CACHED
227,2026-05-12 17:16:43,Chrome,1196,EVICTED
228,2026-05-12 17:20:11,Chrome,1245,EVICTED
229,2026-05-12 17:23:05,Gemini,808,CACHED
230,2026-05-12 17:26:24,YouTube,902,EVICTED
231,2026-05-12 17:30:22,Chrome,1218,CACHED
232,2026-05-12 17:33:07,YouTube,941,COMPRESSED
233,2026-05-12 17:35:44,Spotify,558,CACHED
234,2026-05-12 17:36:53,YouTube,971,CACHED
235,2026-05-12 17:38:18,Gemini,832,ACTIVE
236,2026-05-12 17:41:14,Chrome,1156,CACHED
237,2026-05-12 17:45:01,Chrome,1139,CACHED
238,2026-05-12 17:47:08,YouTube,921,COMPRESSED
239,2026-05-12 17:49:32,Gemini,856,CACHED
240,2026-05-12 17:51:53,WhatsApp,544,EVICTED
241,2026-05-12 17:53:02,Spotify,580,COMPRESSED
242,2026-05-12 17:55:15,Spotify,543,CACHED
243,2026-05-12 17:56:40,Gemini,745,CACHED
244,2026-05-12 18:00:37,Chrome,1127,ACTIVE
245,2026-05-12 18:01:51,YouTube,915,CACHED
246,2026-05-12 18:03:53,Spotify,664,COMPRESSED
247,2026-05-12 18:05:39,YouTube,840,COMPRESSED
248,2026-05-12 18:08:16,WhatsApp,481,CACHED
249,2026-05-12 18:11:45,Chrome,1238,COMPRESSED
250,2026-05-12 18:14:42,YouTube,822,EVICTED
251,2026-05-12 18:17:41,YouTube,959,CACHED
252,2026-05-12 18:20:34,YouTube,970,CACHED
253,2026-05-12 18:23:22,WhatsApp,536,EVICTED
254,2026-05-12 18:25:12,WhatsApp,543,ACTIVE
255,2026-05-12 18:27:49,Spotify,667,CACHED
256,2026-05-12 18:31:48,WhatsApp,521,CACHED
257,2026-05-12 18:35:12,Gemini,732,EVICTED
258,2026-05-12 18:38:19,Spotify,593,COMPRESSED
259,2026-05-12 18:40:17,Chrome,1210,CACHED
260,2026-05-12 18:42:05,Gemini,755,COMPRESSED
261,2026-05-12 18:45:45,WhatsApp,499,COMPRESSED
262,2026-05-12 18:46:53,Spotify,553,ACTIVE
263,2026-05-12 18:49:08,WhatsApp,526,CACHED
264,2026-05-12 18:50:41,Gemini,813,CACHED
265,2026-05-12 18:52:50,Spotify,585,EVICTED
266,2026-05-12 18:55:53,Spotify,595,COMPRESSED
267,2026-05-12 18:58:19,Gemini,839,EVICTED
268,2026-05-12 18:59:55,WhatsApp,477,EVICTED
269,2026-05-12 19:03:47,WhatsApp,562,CACHED
270,2026-05-12 19:06:28,Chrome,1257,ACTIVE
271,2026-05-12 19:09:02,Gemini,787,COMPRESSED
272,2026-05-12 19:12:45,Gemini,747,COMPRESSED
273,2026-05-12 19:15:45,Chrome,1263,CACHED
274,2026-05-12 19:19:21,YouTube,836,COMPRESSED
275,2026-05-12 19:22:19,YouTube,897,COMPRESSED
276,2026-05-12 19:23:48,Chrome,1129,CACHED
277,2026-05-12 19:26:54,YouTube,880,EVICTED
278,2026-05-12 19:28:28,Spotify,614,COMPRESSED
279,2026-05-12 19:32:26,Spotify,627,COMPRESSED
280,2026-05-12 19:34:05,Spotify,545,EVICTED
281,2026-05-12 19:37:42,WhatsApp,491,ACTIVE
282,2026-05-12 19:40:16,Chrome,1233,EVICTED
283,2026-05-12 19:42:48,YouTube,914,CACHED
284,2026-05-12 19:46:33,Spotify,621,CACHED
285,2026-05-12 19:48:04,Spotify,636,ACTIVE
286,2026-05-12 19:49:58,Chrome,1272,EVICTED
287,2026-05-12 19:51:10,WhatsApp,482,EVICTED
288,2026-05-12 19:54:34,Chrome,1261,CACHED
289,2026-05-12 19:56:29,WhatsApp,479,CACHED
290,2026-05-12 19:58:06,Gemini,872,ACTIVE
291,2026-05-12 19:59:43,Gemini,858,CACHED
292,2026-05-12 20:01:27,Chrome,1126,ACTIVE
293,2026-05-12 20:03:58,WhatsApp,480,COMPRESSED
294,2026-05-12 20:05:02,Chrome,1133,ACTIVE
295,2026-05-12 20:07:49,Gemini,736,CACHED
296,2026-05-12 20:10:21,YouTube,847,CACHED
297,2026-05-12 20:12:17,YouTube,831,COMPRESSED
298,2026-05-12 20:16:05,Spotify,637,COMPRESSED
299,2026-05-12 20:17:12,YouTube,942,EVICTED
300,2026-05-12 20:20:01,WhatsApp,545,COMPRESSED
301,2026-05-12 20:22:54,Chrome,1140,CACHED
302,2026-05-12 20:24:31,YouTube,890,COMPRESSED
303,2026-05-12 20:28:00,Spotify,603,CACHED
304,2026-05-12 20:31:32,Chrome,1236,CACHED
305,2026-05-12 20:34:22,YouTube,849,EVICTED
306,2026-05-12 20:38:08,Gemini,861,COMPRESSED
307,2026-05-12 20:40:03,YouTube,878,CACHED
308,2026-05-12 20:42:59,Spotify,544,CACHED
309,2026-05-12 20:45:19,Chrome,1215,EVICTED
310,2026-05-12 20:49:14,Spotify,537,ACTIVE
311,2026-05-12 20:50:35,YouTube,844,COMPRESSED
312,2026-05-12 20:53:10,Gemini,862,ACTIVE
313,2026-05-12 20:56:33,YouTube,851,CACHED
314,2026-05-12 21:00:23,YouTube,928,EVICTED
315,2026-05-12 21:01:36,YouTube,973,CACHED
316,2026-05-12 21:03:02,Spotify,574,CACHED
317,2026-05-12 21:06:05,YouTube,847,CACHED
318,2026-05-12 21:09:27,Spotify,591,COMPRESSED
319,2026-05-12 21:12:16,Gemini,879,COMPRESSED
320,2026-05-12 21:16:00,YouTube,975,EVICTED
321,2026-05-12 21:19:57,Chrome,1166,CACHED
322,2026-05-12 21:22:16,Spotify,609,ACTIVE
323,2026-05-12 21:23:52,Chrome,1222,ACTIVE
324,2026-05-12 21:27:34,Chrome,1143,COMPRESSED
325,2026-05-12 21:29:29,YouTube,936,CACHED
326,2026-05-12 21:32:03,Spotify,603,COMPRESSED
327,2026-05-12 21:35:28,Chrome,1133,CACHED
328,2026-05-12 21:39:06,YouTube,840,CACHED
329,2026-05-12 21:42:55,Spotify,675,CACHED
330,2026-05-12 21:45:04,YouTube,951,ACTIVE
331,2026-05-12 21:47:54,Chrome,1271,CACHED
332,2026-05-12 21:51:44,YouTube,876,CACHED
333,2026-05-12 21:55:17,Chrome,1172,CACHED
334,2026-05-12 21:57:11,WhatsApp,485,CACHED
335,2026-05-12 21:58:41,Chrome,1230,CACHED
336,2026-05-12 22:01:18,Gemini,778,CACHED
337,2026-05-12 22:05:09,Spotify,538,CACHED
338,2026-05-12 22:06:19,WhatsApp,537,EVICTED
339,2026-05-12 22:08:39,Spotify,666,CACHED
340,2026-05-12 22:12:22,WhatsApp,449,CACHED
341,2026-05-12 22:14:45,Chrome,1278,CACHED
342,2026-05-12 22:18:41,Spotify,542,CACHED
343,2026-05-12 22:20:08,YouTube,970,CACHED
344,2026-05-12 22:21:28,Spotify,599,COMPRESSED
345,2026-05-12 22:23:24,WhatsApp,463,ACTIVE
346,2026-05-12 22:27:06,Chrome,1250,CACHED
347,2026-05-12 22:29:35,YouTube,857,CACHED
348,2026-05-12 22:31:12,Chrome,1164,COMPRESSED
349,2026-05-12 22:34:59,YouTube,980,CACHED
350,2026-05-12 22:38:23,WhatsApp,534,COMPRESSED
351,2026-05-12 22:41:47,Spotify,679,CACHED
352,2026-05-12 22:45:27,WhatsApp,532,ACTIVE
353,2026-05-12 22:48:20,Spotify,590,COMPRESSED
354,2026-05-12 22:50:50,Chrome,1199,CACHED
355,2026-05-12 22:51:59,YouTube,893,ACTIVE
356,2026-05-12 22:53:22,WhatsApp,549,CACHED
357,2026-05-12 22:56:50,Spotify,530,CACHED
358,2026-05-12 23:00:16,Chrome,1202,COMPRESSED
359,2026-05-12 23:03:24,YouTube,835,CACHED
360,2026-05-12 23:05:51,YouTube,841,CACHED
361,2026-05-12 23:07:35,Chrome,1232,EVICTED
362,2026-05-12 23:10:49,Gemini,760,CACHED
363,2026-05-12 23:13:01,YouTube,906,COMPRESSED
364,2026-05-12 23:14:14,WhatsApp,505,ACTIVE
365,2026-05-12 23:15:38,Spotify,618,CACHED
366,2026-05-12 23:19:26,Spotify,674,EVICTED
367,2026-05-12 23:21:51,YouTube,856,EVICTED
368,2026-05-12 23:24:10,YouTube,920,ACTIVE
369,2026-05-12 23:25:31,Spotify,616,COMPRESSED
370,2026-05-12 23:27:55,Gemini,854,ACTIVE
371,2026-05-12 23:31:46,YouTube,912,ACTIVE
372,2026-05-12 23:34:05,Chrome,1174,CACHED
373,2026-05-12 23:37:09,YouTube,855,CACHED
374,2026-05-12 23:39:24,Gemini,745,CACHED
375,2026-05-12 23:42:42,Spotify,654,ACTIVE
376,2026-05-12 23:45:08,Spotify,678,ACTIVE
377,2026-05-12 23:47:44,YouTube,866,EVICTED
378,2026-05-12 23:51:23,Gemini,762,COMPRESSED
379,2026-05-12 23:52:34,YouTube,880,EVICTED
380,2026-05-12 23:56:10,Chrome,1234,CACHED
381,2026-05-12 23:58:11,YouTube,940,EVICTED
382,2026-05-13 00:00:00,Spotify,666,EVICTED
383,2026-05-13 00:02:58,Gemini,817,CACHED
384,2026-05-13 00:05:45,Gemini,771,EVICTED
385,2026-05-13 00:07:20,Spotify,533,COMPRESSED
386,2026-05-13 00:09:55,Chrome,1146,COMPRESSED
387,2026-05-13 00:13:07,Spotify,592,ACTIVE
388,2026-05-13 00:14:48,WhatsApp,551,ACTIVE
389,2026-05-13 00:17:39,Chrome,1176,EVICTED
390,2026-05-13 00:20:08,Spotify,626,ACTIVE
391,2026-05-13 00:23:16,WhatsApp,518,EVICTED
392,2026-05-13 00:25:51,Chrome,1201,EVICTED
393,2026-05-13 00:29:37,YouTube,857,ACTIVE
394,2026-05-13 00:31:50,YouTube,940,COMPRESSED
395,2026-05-13 00:33:25,WhatsApp,540,CACHED
396,2026-05-13 00:34:26,WhatsApp,424,CACHED
397,2026-05-13 00:36:04,YouTube,975,CACHED
398,2026-05-13 00:37:32,WhatsApp,480,CACHED
399,2026-05-13 00:38:44,Chrome,1279,CACHED
